GRO_resid,Global_resid,Label,NetFavorability,DominantSign,DominantBeta,NumPairs,Classification
346,227,Y227,76.52725189919528,favorable,-0.4139921023147777,4,hot
298,406,Y406,73.65125951745397,favorable,-0.2623224109611335,4,hot
297,405,Y405,32.87313099354765,favorable,-0.16763636611124802,2,hot
296,404,Y404,23.331776728558363,favorable,-0.19785973320092695,2,hot
406,287,F287,21.352777608239048,favorable,-0.22849569680275794,1,hot
368,249,R249,20.30085812362199,favorable,-0.12912196726177325,2,hot
364,245,D245,18.373734433698186,favorable,-0.19401892958119243,3,hot
344,225,H225,5.834401279136814,unfavorable,0.03764021639476359,1,warm
365,246,A246,3.1818850795491964,favorable,-0.04340339000520865,1,warm
407,288,N288,3.1723878565198196,unfavorable,0.03572518532688511,1,warm
366,247,S247,3.0219428292648156,unfavorable,0.05203397784375801,2,warm
367,248,N248,2.6059445765922726,favorable,-0.022007068434446133,1,warm
293,401,E401,2.2994880560978084,favorable,-0.02738501671007489,1,warm
363,244,F244,2.187686380829699,favorable,-0.07615000580680956,1,warm
377,258,S258,1.8244176301969084,unfavorable,0.03598436923673953,1,warm
226,334,Y334,1.5103180335051134,favorable,-0.04232511266118773,1,warm
374,255,A255,1.434077414199696,unfavorable,0.04512945387722655,1,warm
341,222,Q222,1.2885783482211646,favorable,-0.03781347962630783,1,cold
408,289,W289,0.4371781196103585,favorable,-0.0017360836000830143,1,cold
375,256,R256,0.2647394675360322,unfavorable,0.012068718256764227,1,cold
342,223,S223,0.1950591526813387,favorable,-0.025014532158249777,1,cold
379,260,S260,0.018763668578691453,unfavorable,0.000640299315831132,1,cold
