GRO_resid,Global_resid,Label,NetFavorability,DominantSign,DominantBeta,NumPairs,AvgSelectionFreq,Classification
298,406,Y406,72.49725726540197,favorable,-0.1584011239601187,6,0.8185185185185185,hot
346,227,Y227,65.88742849948545,favorable,-0.28710033494123255,3,0.8962962962962964,hot
297,405,Y405,60.9627354002643,favorable,-0.0704836354450028,5,0.9066666666666666,hot
367,248,N248,45.73629572419352,favorable,-0.536785407588213,3,0.9703703703703703,hot
344,225,H225,43.40662385112206,favorable,-0.3061082566722491,7,0.8063492063492064,hot
296,404,Y404,29.982628010771798,unfavorable,0.08475940936544206,5,0.7777777777777777,hot
364,245,D245,29.607337239326593,favorable,-0.3715310324093431,3,0.8962962962962964,hot
374,255,A255,27.180204289841257,favorable,-0.26278152012469747,4,0.8333333333333334,hot
363,244,F244,23.429840486107388,favorable,-0.3242259973817967,2,0.7777777777777778,warm
406,287,F287,17.22467969060442,favorable,-0.08778498754460037,6,0.7703703703703705,warm
295,403,T403,14.115067139378434,favorable,-0.5718119027325582,2,0.8333333333333333,warm
408,289,W289,13.250786583219242,favorable,-0.04281700940433003,3,0.7851851851851852,warm
368,249,R249,12.460345567707236,favorable,-0.08228954913001263,2,0.5222222222222221,warm
381,262,S262,9.634198673829761,favorable,-0.06620432750389747,3,0.7185185185185184,warm
366,247,S247,7.650447698768102,unfavorable,0.07304063119930551,4,0.7555555555555555,warm
293,401,E401,7.3364562828429225,favorable,-0.19792442944443525,3,0.8518518518518517,warm
379,260,S260,6.421972142984103,favorable,-0.24674347060163637,2,0.8555555555555556,warm
377,258,S258,5.508513258468876,favorable,-0.2199141900290188,1,0.6444444444444445,warm
375,256,R256,4.8127355905691225,favorable,-0.3073279743997924,1,1.0,warm
250,358,G358,3.9222675149277664,favorable,-0.10484711101829397,1,0.9555555555555556,warm
370,251,T251,3.6471252465475192,favorable,-0.2687400706310068,1,0.9777777777777777,warm
248,356,S356,3.1748749504002696,favorable,-0.4195574255207038,1,0.8,warm
365,246,A246,1.7586493416887155,favorable,-0.22596227750745848,1,1.0,warm
332,213,R213,1.0985363741176453,favorable,-0.5430413133326086,1,0.8,warm
315,196,E196,0.57778684520809,favorable,-0.3922517618520638,1,0.8,warm
407,288,N288,0.4718675780281901,favorable,-0.005474123001576071,1,0.5555555555555556,warm
